User_ID,Age,Gender,Country
135edeb2-726d-4697-ac3e-c9a62dfb6e33,32,Female,Canada
14520c3c-15b6-41dd-8d4c-8dbf9dd900ea,64,Female,Austria
2012ca70-6c9d-4751-818f-af21054cf314,31,Female,UK
81c2add7-f7b2-4383-bdb2-d210c21c9a6a,65,Female,Nigeria
5a6fd690-8654-4803-bda3-9bf30c7361e3,69,Male,UK
84525d39-f287-42d0-aa64-cd3bb4d2b3e5,20,Male,Australia
bdbf12a3-4421-42d1-be29-ee84d89ab1e6,49,Female,Netherlands
1a7bd6e9-0e1f-4793-9fda-6189965427bf,55,Female,Nigeria
260327c6-0725-4d9e-a179-4648216ebd50,69,Female,Ireland
3e5e248a-5401-47dc-89a1-f4d73748de54,22,Male,Austria
4a5418d7-55cd-4ed6-af0b-4f3278b932b7,49,Female,UK
3ee1034e-90cd-48f4-92cc-4de2fef5684f,65,Female,Germany
d105b1fa-14c9-4ae4-8692-a29ccdeecec9,69,Female,UK
124cc749-ce2f-49c7-acb0-160dcea6bf69,25,Female,Germany
58857be4-32de-4ddb-b860-fdb696d88070,58,Male,Ireland
9bd8d6a1-5e1d-429e-9eda-d5adbb8452cb,49,Female,France
e5077daf-75f7-47ac-a75b-d3d87aa8429b,51,Female,UK
a64224f2-0cf4-4239-aa72-d29f618f0a0c,31,Female,Singapore
2599629b-9429-4ee1-919f-35415f9720a1,57,Male,Finland
6747ae4d-d208-42be-b7b3-4d59fcfa3ec1,27,Male,Nigeria
16b80994-e668-4fbe-89c7-9a1057d9d71e,50,Male,USA
55c9366f-8629-4247-a226-2cba5aec1455,45,Female,New Zealand
946cfb63-1300-4d5f-9ce5-f5547421dbba,70,Female,Australia
c00f724a-886b-4f0e-a3ff-12ca3950480f,34,Male,Ireland
22595983-68c0-4241-a708-a0d40882addf,68,Female,Germany
f022abb5-93be-4498-9317-ff8985e7af34,34,Male,New Zealand
98b4fb14-368e-4741-98c7-d61ff90bbd00,52,Female,Canada
e99f1ce2-9630-44b1-9060-e3f84510eb58,51,Female,Austria
f66f0adf-2233-4d01-8e9d-6c4bd0a5591b,67,Female,Singapore
9bb62b2f-fb5b-4a34-bd10-30dc5fdea45b,67,Female,UK
5201222c-11ea-41ba-998b-a2e14183876f,66,Female,Germany
31c16478-aaae-400c-8031-e1c054a0a495,37,Female,Singapore
25556b69-4f8d-4e5c-95d4-59e53fc87e86,24,Female,Austria
b5c58b3e-e47d-4ece-a89c-223b303741c2,24,Female,Canada
ef0bfa36-307c-4485-93ca-6c6a3b7a2c8a,49,Male,Canada
652a6b4a-482f-473e-96d5-3cd7b6babf2f,42,Female,USA
ac79c904-1c1c-466f-82ea-559c5796aa46,66,Female,Canada
d5196d2d-4ec0-4b86-b2cb-3f6828ae4fef,62,Female,Canada
e2b42f7a-7e7d-4327-8056-3fe46ce771a6,36,Female,Nigeria
848858fd-bf1a-4159-a319-59a175d1f714,67,Female,Australia
40490fb8-a867-41db-a2a4-65005fd7cf51,40,Female,UK
73d1d154-5e53-46a4-bac8-69b427d4edd6,54,Female,UK
02ccdf8c-58a6-40f9-8644-b508a4e4a332,23,Male,New Zealand
7e69dacf-beaf-44da-b339-a2ecab7a7184,66,Female,Australia
bea781e8-5fd1-44a0-a55d-14edb2fdc20e,67,Female,USA
272729e9-9a95-414c-8884-407842472bba,48,Female,Australia
19b17be9-98af-412a-8f99-984ec7b78bde,62,Female,Finland
1712cd8f-8b0a-4636-85dd-2c51ee28f771,51,Female,Australia
dd15e534-eaec-4e9e-a51e-8aa277951275,57,Female,USA
f55c5491-8104-4b07-b6cf-5fa7dae90131,67,Female,Australia
4a111efc-bee2-43ac-b6f9-987488d8ef4b,20,Male,New Zealand
6e19b7eb-f0f0-4135-b4f1-71bb5b62683b,61,Female,New Zealand
78aec849-cdd5-4f1f-8645-bd8730ec4ab1,21,Female,Finland
b920efeb-9c45-4516-af68-f6938091c472,62,Female,Finland
21f5962a-e172-4e1e-98ec-2e3bd9440f2f,33,Female,USA
30c2cde7-1668-4c6f-91ac-7de904bb215c,47,Female,USA
4c9ab069-fb78-4790-9100-b68ab9ecae90,22,Female,Netherlands
7bce64e5-82b1-4dcd-b667-8fe35d95e29c,67,Male,Singapore
702e3fbb-44ec-4df7-9be3-7fd81cc44aa9,30,Female,USA
c5e8fda4-337a-4ec0-8032-729e45e11a44,54,Male,France
15e55310-9d9b-4c39-a95a-571bda1f2ce1,33,Male,USA
10e7a565-db12-41c3-bebb-4a1610adcdbb,19,Female,USA
802e03f9-7181-4eb2-9e98-3a3965e58a32,64,Female,Singapore
a15dfcac-efbc-4e82-a297-bae1aa835da0,22,Female,UK
dc0eab4e-46af-4efc-914a-c62dd083c853,50,Female,Nigeria
cb72d7b1-7486-4411-8211-2e167c3a1b9b,59,Male,Austria
6b181dec-adfb-41d8-8a82-4740f05c1458,23,Male,Austria
833e1409-1ddb-4306-865b-0fd75069d55c,42,Female,Netherlands
67e17e58-34c3-4bc1-9745-5015c178cd80,45,Female,France
2a1079f4-54d5-4b6c-80eb-48ca16a3b6de,40,Female,UK
cbbb28a5-39dd-4290-a89c-26f431bc11de,28,Female,Nigeria
e787dea4-7d02-4005-bcbf-0c78a5c51cd4,60,Female,Nigeria
6f2586ee-6687-4dfd-8a1d-de29ff42a158,54,Female,Austria
24f9d209-9fff-45e4-bea8-3ac22096d8c3,37,Female,UK
64783566-538c-484f-a807-fc57b549da20,59,Male,Ireland
4fde90ec-0969-4589-bc2c-4a6985197da0,49,Female,Finland
cabf05ec-0d8b-4a35-82f3-c5e06b737d8e,30,Male,Nigeria
f65e5fd4-5fd1-40eb-94b7-8f496e50f0b7,29,Male,Austria
08f16f25-3477-4224-bb6a-1cfa0e3133a7,61,Female,Australia
47d75f53-3c5f-491e-aa97-330f22428b0a,67,Female,UK
783510f5-49da-4aae-98b9-9d86d26b0182,67,Female,Nigeria
64949342-407f-478f-82f3-1e8a96bbef6f,19,Female,UK
d8da3115-03c8-4f60-90b5-b6a595cbdf7e,35,Female,USA
7688f504-1e0d-427a-a1b0-d73171ee30d3,45,Female,Austria
03ad0ecd-0b26-47ca-9413-1bca983d53fd,37,Female,Austria
e50f5e41-012b-432b-bee6-416c2c70937d,61,Female,New Zealand
7984a7c2-31cc-4256-bc80-f63616dd3210,67,Male,Singapore
3409c457-f81b-422f-adc9-ad76b571cc41,38,Male,Canada
bc6aa848-7de8-4b1a-a403-8c4158116e70,23,Female,Ireland
d9661e79-789d-498b-9365-6eca879a8045,50,Female,Austria
05332169-1f21-4cf1-b6a7-5b722ad981a9,70,Female,South Korea
b2c2d9a2-3832-405c-8f37-ea2c38780e6e,30,Female,USA
be98e393-95f5-4e11-865d-7e283b267e26,52,Female,New Zealand
47e5f423-9978-4337-b925-856f54988548,65,Female,Canada
72a9927d-9a60-441e-9723-4a278e521b11,22,Female,USA
bf648fe7-8a4f-400b-8ed2-79162ec6bd5c,45,Female,Austria
89015970-f7fa-4889-a5cb-40bfd495fcaf,21,Female,France
e497c8af-d08b-4c22-afa0-121c3b07ee37,22,Female,USA
498e135c-6508-4f69-a221-f032cf3c2982,37,Female,UK
a1543384-286b-4b2e-8ad0-a8f70fa2c2ce,61,Female,Canada
6e2b82d4-df92-4e25-b034-1abf08fb6009,50,Female,USA
76409e59-87fa-446b-9610-37296c67b57d,36,Female,USA
0932d090-6cdb-46ab-a0e8-ac4a9ebe7852,57,Female,USA
15c03c24-5fa0-4375-8145-d3da4e75f0c8,30,Male,USA
46a37a64-e017-41cd-940f-a6dab33127f1,49,Female,UK
20b5a7c9-2cdc-40c1-8a00-2d4b1ba7caf8,44,Female,Australia
d03a20c7-9393-4fdb-80de-f9bc967e4de9,49,Female,USA
5758e530-f313-45c9-9beb-3c7fc0083466,40,Male,Nigeria
31990106-34a9-44e6-8502-ec54819eccf1,35,Female,USA
1d439f45-a95c-4cd7-a8e2-6973513036e9,62,Male,Nigeria
ffc26206-782e-4f88-8740-842e8dfda4b0,68,Female,USA
d8a2c821-a59e-4c18-81a7-2db25bb97a59,24,Female,Canada
77594e84-cd0b-4f3e-a818-2ded10c024fe,24,Male,USA
ece60c10-7fd2-492e-9b97-777fe9c67d02,49,Male,Singapore
352bff98-21a2-47c0-b9ff-155d1af71bc2,32,Male,UK
423988ad-3460-4938-bae2-7dc3be1ec9e9,45,Female,Austria
86f21be7-853c-492e-8913-bd15a0d9e797,64,Male,Canada
2e8d03af-36b7-4e41-8050-8f81ffdb1ea4,50,Female,Australia
aed5ecf2-db8f-45ad-889e-c491f69ffb69,21,Female,Germany
1965fa4f-4d93-4029-ba32-a422e01189ac,64,Female,UK
5d27ce6b-c613-4a63-b3e7-b82ccf65b7b0,55,Female,USA
825c39b6-e452-45a7-9310-f3131acd090c,36,Female,Nigeria
dcd3b437-3847-41ed-91f0-600e7c40039c,63,Female,USA
26b4b621-5291-4903-b7d5-6663d53fa1f7,47,Female,UK
5f05d718-75fa-480b-815a-e2853cc29009,42,Male,USA
64890e59-e951-4812-bbcd-c0e5ea7bb7c1,69,Female,UK
abd44a2c-5d18-4d73-baa6-95fa6ecf8820,39,Female,USA
bdb8cd12-1e47-4a56-be70-2f1a791efc33,35,Female,New Zealand
7def99db-ee12-4c33-96fc-6f6263a6d09b,41,Male,Canada
d548319a-ba14-4288-9dee-a84b9713d1cc,53,Female,USA
529551f9-5436-4bed-8abf-0e96cb98ef00,56,Female,Germany
911b3762-d999-4541-8a2c-5bae1b299612,55,Male,Canada
af708dcb-4f7b-4ae6-8b90-a4011e05f5e2,25,Female,Singapore
fcfa0c41-8a64-42ec-b1b4-ba2b160011ad,35,Female,Nigeria
d1e363ce-7978-424d-9acc-8c7fbd8c5890,25,Female,Germany
c7b3fa98-c022-4738-8bd6-dd5f343a9b5f,60,Female,USA
7ea4857c-dde1-4d46-b3a5-68fa54e3f500,55,Female,USA
458dad62-d406-469f-8deb-f2645a5c6fcc,27,Female,Australia
5fa04512-1c51-4b14-8a90-e19e1a129b86,49,Male,South Korea
62bbd346-7547-447c-8f83-2b236a1b6810,67,Female,Ireland
16b975c7-d445-4fa3-ab95-e32d3406dfac,26,Female,Canada
c808fdfb-9037-4255-bbe3-93dc8cba24b3,32,Female,USA
5289a56e-0b9a-481c-a476-06b0d6133ef7,51,Female,USA
4f0b3b91-61b6-4d8d-bd92-b465a5c85639,19,Female,New Zealand
f54645c5-6c5b-4801-8a8f-4a43e9350811,45,Female,Canada
aa5a0764-fb4f-43e5-aace-6f5fd19e6a54,67,Female,Singapore
30eb157a-3ab9-45cc-a4b7-83e6c7e03d8c,70,Female,USA
0d36c7fb-4368-46a1-b82d-046a7ffc82fb,37,Male,Netherlands
80579611-9511-4e0b-9cbd-fc2d7612b5aa,50,Female,Canada
336c6e33-11de-441b-9024-8a8d7bf8c316,42,Female,New Zealand
79b94c1d-5e8a-4b9e-b067-53d92a039546,31,Female,Canada
be92fc0f-50ae-4225-9958-80a8ff316520,61,Female,New Zealand
00a05bc9-52a1-4e62-b35b-5b0df1bc94f1,67,Male,New Zealand
06f6a236-65d8-4e97-b061-244fa8152234,63,Male,USA
5369654e-3411-40f1-9677-93562905f5fb,22,Female,Singapore
fad63c75-a8ae-4067-bc31-522ac477ee21,21,Female,USA
6b228e31-9cc7-4ddb-904e-7921145ff640,66,Female,Austria
afa8cd6d-d688-4068-b04a-a6c2a7169c48,39,Female,USA
142cc389-7ef4-404e-9354-87b22ca253ed,61,Male,USA
e326a26a-ea18-4749-91d9-271cfe114d03,27,Female,Singapore
a4d67920-7a17-4714-9672-5d03a8580f10,48,Male,Canada
b3ed0643-329e-4574-9fea-bd4a987da697,68,Female,USA
b18b98c8-cbd9-42f4-a3d0-7eae446587d5,67,Female,Netherlands
ac4f1532-51e2-454a-8929-1e7f2afef5cb,53,Female,Singapore
ae73cf49-bf0d-4ccf-b6f6-475b0a008a8e,51,Female,USA
0bd56715-29be-4288-b70b-b5290a87192a,66,Female,USA
8de373ce-a423-44bc-b589-1f70435428af,35,Male,New Zealand
bb1f8560-975a-4692-aa3b-dcae50bf1470,65,Female,Nigeria
eb096c6c-4464-410d-aa2a-90d7454a3915,58,Female,USA
04fb652e-863b-47b1-8338-addd9b5267ef,45,Female,Canada
e4f8c79d-5e08-4240-ae83-f985faee4f76,56,Male,Finland
d244d0a7-7aaa-4193-9627-31a457765b32,34,Female,Nigeria
6058b209-44c4-47ac-9c25-5201c3b4b711,68,Female,USA
b791c614-6e19-4fec-9ce0-ab92835f0e0e,61,Male,USA
1d9849de-60e1-4dc3-ac66-c8892f5e4551,69,Female,USA
56fd7d63-b5eb-44f3-b5ae-b03bfdfa5cd2,31,Female,Germany
ee628706-aee0-487a-9a31-b29a10f48faa,65,Female,Singapore
1a0e13ac-8ede-4e5b-aa3e-31ce15b74a28,28,Male,Nigeria
ebac318a-055c-4b4a-bf32-cf399d4300f1,30,Female,USA
9f2e6c05-d8c3-411e-83d5-34832e071ae0,42,Female,Canada
1915ba53-559d-4721-8f58-8b40b7a1823c,60,Female,USA
3816127b-d091-4263-9357-d11281f59b41,37,Female,Finland
6aef246f-dbfd-4358-a2e4-670e6fc8c93a,24,Male,Ireland
5385d9c5-44b2-43f7-93b2-9e4ea69ea104,55,Male,Singapore
a6d8d112-4991-4ff3-aac7-d4f0541dcb77,22,Female,Nigeria
eab4b1ab-ccce-43f2-835f-0d913c4a2e03,57,Female,New Zealand
1ec5cfc9-dbee-452c-9c79-09f3cbe37f49,30,Female,UK
de4717ba-026f-41c3-a515-067f3f315f5a,26,Female,UK
1572d551-f533-473f-a3b7-759ca67f8fbb,66,Female,Canada
21afcd25-a5eb-4d8a-b2ee-6762e84668b3,54,Female,USA
f6510367-df65-4c15-a39b-b517526857d9,62,Female,Netherlands
1dac5362-3bee-404d-9c75-319de5ec6786,28,Male,USA
518a72f1-626c-432b-b414-2a811aed5f4b,56,Female,New Zealand
73d8d522-4a6a-4cba-b5de-36d26f349ab3,45,Female,Germany
27c079c2-8db2-4146-82a9-fc21856eabfd,45,Female,South Korea
6fe47974-4504-4fdd-a1ac-d3add7cac2f2,48,Male,New Zealand
2c8c835f-5a7a-4f6a-a521-384dcf7cb0c1,54,Male,Germany
712dab5a-a6c4-4241-b557-8e36c837548f,47,Female,Canada
e9784800-929e-4c48-8977-b6242c5a2577,32,Female,Singapore
e6a0bdfb-8598-4740-ba5b-3d94e41f3472,34,Female,USA
4f530194-90e2-4b0b-88ec-ae3870d59020,67,Male,USA
fcbb90c4-e95d-4ad3-9f31-df6f885ea2d2,36,Female,Singapore
4035b38d-3726-4af0-b82f-cdb4b510f57c,30,Female,Canada
3208724e-2380-4545-832e-319ab81253dc,55,Female,UK
c8919446-820f-4404-b537-98641f2b1519,20,Male,UK
eb2c2994-f20d-4aad-8f47-99f490d08e75,32,Female,South Korea
d2488ce5-e4f5-44a0-9b20-fdae88003ee1,35,Female,New Zealand
712f4562-ce86-4ea4-a25f-0f26f96cfe18,20,Male,Netherlands
a78166d5-d93d-4655-bd3e-a7f4061d7cf2,52,Female,USA
37f044f2-3a60-4d68-81f2-1a753a52a2e2,69,Female,Nigeria
ed944866-b0ec-4012-a306-69c8a21524d2,52,Female,Canada
2a565855-cb42-4326-942a-51459cc3d5ba,67,Female,New Zealand
988173cb-41f5-4793-b161-8b33d97ed7d5,35,Male,Germany
e4c51b39-dc1a-4b74-ac9d-773dad065e87,61,Female,UK
fa55aece-929c-4ab1-9b62-593d14294b4a,46,Female,UK
a34a1baf-d400-4524-843b-6f3b693641aa,59,Female,USA
800885cc-21dc-41a0-882a-5faa3160ad9d,21,Female,Nigeria
90ff1dd2-609f-48d5-8ff0-25679414560f,64,Female,Austria
efb456a1-ba91-4c2c-bc8d-9e50145e31e1,68,Female,USA
155138d9-c3e6-47a7-a081-de9dd33282b4,54,Female,Germany
e0b0b728-0ff3-42bb-8e7a-00c786614152,61,Female,New Zealand
5f65fcfc-e86b-4539-9557-03884280f18f,68,Female,Canada
7f8643f1-1b19-4833-9837-d77066752ecf,19,Female,USA
b8d3f04d-271a-47da-88fd-9cfa75a97551,50,Male,USA
ecfe9743-b6c7-4dc6-b920-3f7dd6b8386c,67,Female,USA
893df4a5-4c15-4013-9db7-795c656ec637,44,Female,UK
3fba78f8-29f4-4388-9696-bc29d3876612,39,Female,UK
14d2f1d6-5805-4f09-8312-5be4a79efae0,41,Female,UK
64a11a6e-41a5-430c-8544-6146546ac6e0,37,Female,UK
c7186d6f-29d4-4578-99cf-2d23e8790da2,46,Male,Singapore
62b1c1d9-13a3-4524-96c4-2e8d771e67c6,36,Female,UK
900075cc-4a83-4955-b8ae-21b043208969,32,Female,Austria
72295f05-6ced-4dcf-9cd1-e7d687fdf648,59,Female,Finland
61603281-d28d-49dc-b27d-9912c65684f8,62,Female,Singapore
ebbe3803-4aef-4011-87fc-32865f9cc8ff,44,Female,Austria
42290a2e-2033-48f7-93db-b5af398332c0,59,Female,Finland
09f98dc3-7e02-4f32-9c37-7d06b1938dc6,23,Female,UK
c3ab77d0-e124-48ac-903e-d181fbe61cf4,69,Female,Nigeria
e01a01d3-24a3-4e07-8eb4-33eaff82d62a,31,Female,UK
f573a6cf-1ce0-443f-bcc7-cc2aa013655d,62,Male,South Korea
a1805729-6887-4cdf-8a5e-37442d480717,68,Female,Nigeria
66da3ffd-eb8f-4146-9f2b-96e46b0be6a9,34,Female,New Zealand
7e7ec7e0-54ab-4f74-baa4-057374f7f439,32,Female,Canada
3ab12a49-b9ee-47e9-a559-acd54c2322ae,37,Female,Netherlands
d97a886b-4601-43cb-922c-7aaae13340df,27,Male,Canada
33ca2b56-e74b-45cf-97c3-701cb0dc3dc6,70,Female,Canada
aec7a183-d730-4c99-9a55-dbb98f49efa6,51,Male,Ireland
788e6169-b95b-4be5-a67d-94329605f989,49,Female,USA
bbc826b5-d1cf-4b20-8e37-d18d8024ec96,35,Female,UK
e7bea593-0034-40f3-85f8-d83af87a70c0,60,Female,Nigeria
281317dd-2d5c-4561-872b-2f296e2b2b51,66,Female,USA
d8ca4577-de80-4f44-9019-0360a2b514be,70,Female,USA
e9a5a1c5-eaed-4ce7-9e1c-ee60a7fa2f9e,32,Female,Ireland
a2b27248-4a98-47d6-913a-84f36fc6430e,45,Female,South Korea
dd7a302c-89a0-4d6f-b5bf-9003e2017b3e,24,Female,UK
eaa7ab07-91f4-4f8b-9881-6e1c6ff21f2d,66,Female,USA
d4457736-85c5-4944-af64-a4160faad278,49,Female,USA
10292338-27ec-4f56-810d-0db3f0cda826,49,Male,New Zealand
f50f6191-4b38-4403-bf97-3cef09fe49ad,55,Female,USA
c195a563-fbda-44dc-91eb-5c4d9a4a9161,45,Female,Germany
c456e18e-b5fa-4754-bc21-ae4917a58914,45,Female,New Zealand
5d3094b6-aad8-4226-90b9-2d9b1cca2877,57,Female,UK
a4052ed2-da91-4fdf-892b-b43b76f29b9c,50,Female,Finland
716c8fd3-aba5-436d-b5c7-852af9765139,45,Male,UK
b4a4484e-7a76-4c4d-bad9-365521fef90d,70,Male,Austria
ac72c004-4208-43b4-9293-e7fe4c8fdafd,22,Female,USA
ba294c0f-8d69-4c66-ab87-2110090f1f35,25,Female,Austria
55dac61b-df67-4b9e-a659-6f896eac4dc6,52,Female,Singapore
84519fe7-4539-4bee-95ff-aafef54e2229,39,Male,UK
613d4bbf-d26a-42a5-bde0-ff7b0cd9a559,39,Female,Singapore
1fdf2300-8603-4b28-b679-ee3820a89921,63,Male,Singapore
cc48c765-1833-4286-b00b-cd4d61df12ef,28,Female,Netherlands
c4de8192-4a72-4d45-8094-74716504cc9c,23,Female,Austria
1f057365-2ada-4f37-b881-6248eb0555eb,62,Male,South Korea
a7d9789d-6ef4-4033-b9a9-96bf90edb132,46,Female,Finland
eab076a0-eb79-4c19-9146-9b765947c3f5,21,Female,Singapore
2c60a1cd-71a7-40bc-bfab-d9ce6060fcc6,44,Female,UK
c0042b21-ad13-45d9-a62c-6a5585af1419,47,Female,Finland
e6e93dfd-81fc-4a1b-a340-a844a764f4f4,46,Female,Nigeria
a3e9b654-d7c7-4727-b9a5-32c64725f5b6,24,Female,UK
65e5729d-194d-4c06-b56a-d4bc2e1325a1,63,Male,South Korea
cb52b5f8-8971-4c14-bca1-3ab5e8b1f992,45,Female,USA
f8b500e4-b474-4a92-b99e-152b4e1a5cde,24,Female,Canada
742c63fc-f253-47bc-9224-2a5f89df9a38,67,Female,UK
845b08e8-6fb5-445f-9dc1-a863d5536e5a,26,Male,UK
66fe3970-c535-406f-9dbc-534c1f15644a,61,Female,UK
5f0944e6-1447-4e16-8f4d-abaefd0ea64f,30,Female,Germany
67dd94ee-48b5-4bca-bbb9-ea388fd97518,39,Female,UK
f3731d74-59cd-4174-8da0-880181675df0,35,Female,USA
79e4cc2d-7989-4992-b6ca-7e3ccb62a899,60,Female,New Zealand
b1a25951-fb7c-425d-8ff0-7103ec971787,49,Female,Singapore
20d91dc3-8f4f-4ccc-807a-552c014ae137,37,Female,Germany
c1640cdf-dfe3-403f-9684-fdc5afd2d92d,49,Female,Canada
af92d2a1-e305-493c-8453-00a043a822a7,62,Female,New Zealand
fef59ff5-d980-41ee-b606-4b64e80ad291,59,Female,Singapore
fe8112ef-b9cd-4a52-8b14-4d75a200492f,37,Female,USA
deb87d65-97b0-4b42-9e13-4013220f777c,27,Female,New Zealand
2dd40e67-d505-44fd-a618-08540c0cb942,65,Male,Austria
3cc67c19-8418-4be2-a284-72f98cbbf496,24,Male,UK
f8b483a5-1c2d-4f9d-b36f-b13ccfd705ef,67,Female,UK
dd3a4c04-e62a-416c-bd16-8a9ca8b433de,47,Female,France
0a230843-d136-4548-8949-6b0273e2392f,68,Female,Ireland
0094c3d3-d23d-4f8b-a9e2-be1d2ecd7eb3,19,Female,France
99787288-d706-4561-b3e8-d25228517248,37,Female,USA
3d4d0071-1d9b-4767-9388-353680cecdd6,51,Male,Austria
96a8d517-725e-4da4-a10e-b36ffc3eb34d,24,Female,France
5d90b3c9-7db9-43a2-8d59-75ff33f6e710,58,Female,Canada
43345d11-528a-486e-99da-d2c748d25228,69,Female,Finland
b3ee82c3-0f37-4071-b99a-3b6784df2c35,51,Male,Netherlands
9002efa2-3c81-40c0-9686-8d0405e4843c,55,Female,Australia
678df8c3-f523-4a66-8330-db4f225686c4,54,Female,Nigeria
42389834-eda9-4d78-a8c3-9458246b962c,51,Female,Finland
26a8c3be-40b2-47be-a8da-317c38701439,35,Female,USA
13b87890-0dc0-43d4-bd5e-184e6a48097c,39,Female,USA
3887fd70-27e8-4840-aec8-ee2633de3974,42,Female,Canada
4ab82317-2ec9-47b8-acf8-d79df8ac015d,57,Female,Finland
1d836bd9-d673-4dd0-94d0-82df242540b1,23,Male,New Zealand
70e1c91b-a801-468e-a2ec-67f104d53465,19,Female,Australia
433ab454-a0b2-4c4a-b7fb-50a63a92fdf5,62,Female,USA
068afe08-122f-4141-a803-da2b66a80481,23,Female,Nigeria
adc0c24e-8e57-427e-9e0a-4e804ec84253,35,Male,Canada
fe63f6fb-826e-4f0c-84f5-fb1789011b5f,35,Male,Nigeria
d7124814-f86e-40d8-a186-e08d68136cd7,68,Male,New Zealand
a54d8f94-e1f2-43a3-88da-70e10a2ae26b,45,Male,USA
9d23746f-19a8-4299-8adf-f6b35bfb208f,23,Female,USA
7b880462-742f-40b9-ab7e-1be9d31d910f,28,Female,USA
14e0aa84-cc1b-4767-b989-8f75cc97e63d,61,Female,Singapore
0287e18e-4517-4f60-97e8-0c8e476cb462,58,Female,USA
a10d7eb2-9a8c-4752-94d3-faf926010a4b,62,Female,USA
10deb897-7e10-46d9-a826-7f65f621c240,26,Female,New Zealand
97b1e833-d3e7-4b01-8351-f621b3365d6d,60,Female,Canada
f37ae971-231f-4d8b-8cbb-74247b4f69e7,22,Female,USA
d23806b2-2fc1-497a-9c71-e0ba943375a0,28,Female,Canada
1f393c65-bd29-4381-ade4-cd13a026bbcd,30,Female,Australia
6768e14e-19c0-40a0-9825-dd939720232c,25,Male,New Zealand
efea7d6f-029d-4087-b0f3-19068378e2b8,61,Female,New Zealand
91c69aca-1d93-4708-a858-d06389c1ba5d,70,Female,New Zealand
46558b4f-08be-4f3d-97f3-08035f8f886f,33,Female,USA
b700fb40-420d-488c-b971-a64e5dac78ed,31,Female,Ireland
c578af60-dddb-4364-97f1-4fdecf9d657a,42,Female,Austria
77e2323e-c2d4-4e59-8153-753e557a29a1,22,Female,New Zealand
8b5aabc1-6bfd-424b-a6dd-ab6c00a57019,69,Female,UK
1c64c697-e4aa-41d9-a3a0-a8a8b5abcf7f,31,Female,New Zealand
7fd84643-2afa-414f-8d53-e1b66416a72c,43,Male,Singapore
60a46451-2ec5-4fee-a1ea-b064b2ec1295,65,Female,Ireland
4c1ed827-1955-44da-959c-bc186161f29d,42,Male,UK
875e3f4b-45a2-4085-9b87-18be2c1e3f78,31,Female,USA
4e8df777-d5eb-4f4e-86f3-22ac4af2fb03,47,Female,USA
f025d3ef-40e0-4244-bee0-8c36d5d6c7cc,29,Female,Austria
bf53a403-3f18-47e3-ab5c-9200eec0b746,37,Female,USA
d1c83228-c8b1-4ab9-be2c-07e333ca168a,41,Female,UK
0f44b338-6fa9-4eed-b405-e8c1e49b6ba0,29,Female,USA
f563042f-9d7f-4667-9be0-566aeb0261fb,22,Female,Nigeria
b5246d31-f78d-4da9-9e7b-45813b48c034,70,Female,South Korea
5023384a-20aa-44de-bd3e-6e0d1217fb2b,61,Female,South Korea
1f1507dc-ff7d-4f57-8e95-73d21ffe59ef,56,Female,USA
5d858af9-3f02-4e21-8f2d-854dbdf41912,22,Female,UK
81cbb0f0-97bd-41d0-898d-3bc7af43a7d1,57,Female,New Zealand
126a3b76-e9be-442d-94ae-9ebb518bd92d,66,Female,UK
7d20fabd-99bb-4bfe-9e51-764b397e239b,62,Female,USA
2303550c-7f50-40b3-95d0-d6577b5c97e2,69,Female,USA
9f8368db-dc19-4102-a8d4-d0a336071d4e,53,Female,Austria
0420ba04-106c-4014-ab0b-c87fe772638a,44,Female,USA
fbdbbd10-d285-44d8-b041-ef1ee34d6cab,69,Female,Ireland
c81174bd-e5f3-4e7a-b678-f5dfea1c53e2,40,Female,UK
dab10002-cc4d-482c-a023-be4c3f6ecad7,34,Female,New Zealand
b3f77b69-2317-4f6f-8f52-e72949123f6c,60,Female,New Zealand
b614a2f6-6906-4201-be57-adc0ae730eb1,28,Female,New Zealand
738d98ec-a308-424d-b91a-9a23c30315dd,67,Female,USA
01d171f3-b65d-43ce-97c6-7d93d355405b,64,Female,Austria
d521a1b1-b2ee-4c28-ae46-dcf76f5c627c,45,Female,USA
fa8ad53f-98b7-4182-9bf9-be56915a4398,63,Female,France
147735a0-8772-464b-9640-b8b165478b22,55,Male,USA
8b07306a-7257-459a-8357-d129ead36f9b,25,Female,UK
d0af8046-48b7-45e1-9cc6-a7b28541372a,59,Female,Ireland
f0f8a1f0-63b9-43f2-833b-7fcee8a6b16f,50,Male,UK
ee76a662-ed6e-473a-bd17-8becb4aaa0ed,47,Male,New Zealand
35e02e07-12ce-4416-a91f-e1b4ec930141,46,Female,UK
0c89ed2c-afa1-4dca-a65a-d97262d48a28,48,Female,New Zealand
1e0c9103-7b4a-4537-99d3-fff08bf32c32,45,Female,USA
82f7207a-0095-4ddc-bd5c-a17380c8d276,69,Female,Canada
b1223c39-ed62-4ec3-92e7-6c419a8a71fe,59,Female,UK
94262d1b-5e88-4329-9aca-caba13a60819,57,Female,UK
949595e1-4a41-4fdd-b3ac-79479d050e8f,44,Female,Finland
3b08fbd7-dc9e-462b-a453-9a8a9e073b3e,57,Male,Finland
d12cd6c3-3e2c-4a27-9fd2-8d8a0aba04cb,36,Male,UK
dd3b9737-5ea1-4af2-acd7-66c716432862,51,Male,New Zealand
777b19b8-ca07-43f1-ad8e-7968dc7757ac,30,Female,Nigeria
c3a143b2-e91f-4fef-8c44-8027989ba9dd,69,Female,Austria
42497d93-a4ae-4a3b-a7f0-78093dd1ae1d,67,Female,New Zealand
965b9522-08c0-44a4-9aa6-8bb778068597,46,Female,Finland
dff69883-1547-4997-8225-f2e4a2747feb,47,Female,Nigeria
28a3a243-c919-4e4d-89cf-e3c34f2aa335,24,Male,Australia
00849bc8-07c7-4057-a618-c0d87a190afd,70,Female,New Zealand
7723a0a2-bf68-49e3-9db9-bd622d67da0c,64,Female,USA
78b5aa9b-6877-4594-a434-914149f61f22,60,Female,UK
f615c78f-63ba-4934-8dd2-44d069adc329,49,Male,Australia
566dd029-d757-49f6-bd27-d87ead2fdf36,24,Female,Canada
15dcc378-c715-4c64-a3e0-b5aac0f9e388,33,Male,Germany
63e6cb10-931d-4e7b-b42c-78f8eddbec7e,41,Female,UK
3931b193-3445-43b7-a20d-e7defc47f2a3,33,Female,Germany
a9f23b83-11f0-42d6-a758-fb8eb9aa7d82,69,Female,USA
8ab92d9c-4b93-405d-95fa-b61bdf852108,45,Male,USA
b72072b1-7454-49e5-934c-166e6fbaa227,70,Male,Canada
cb9307fb-f6ad-49d5-bd45-9b455a50cc84,69,Female,Singapore
8a3922d5-74c2-44a1-ba20-a442192f8867,38,Female,Austria
6aceba02-6963-4e6a-abc9-984c03b4c2c2,41,Female,UK
9571b9a3-dd24-49f1-a2fa-65597069d641,69,Female,Singapore
03166a41-ca8d-469c-a855-2c7525cf24c9,30,Female,Singapore
91baf39e-6999-4763-820f-af03e6f80c32,41,Female,USA
51dd28b8-5bca-4cfa-9606-6388fb901604,62,Male,UK
c478b60e-6f36-4391-b2b8-5d68d3f609e8,39,Female,USA
d2afed8e-f276-4457-8327-ec527c645949,65,Male,USA
e9c53250-ffd5-4d74-807a-56a03595511b,50,Female,Canada
02fd1f80-b5a2-4703-a500-df591a86ee00,27,Female,Germany
153426fe-51c1-409f-9ca1-34ff6f03e4c2,58,Female,USA
3c3d3591-3148-4063-9dac-9f6e30ee204d,40,Female,Germany
654997c4-8a50-476c-959d-7f01d43cdaff,31,Female,Singapore
3d523bb0-72ed-44a9-9d07-5938746acdbd,35,Female,USA
a8d98f3e-1c86-45e9-abbd-d3223689f2bb,25,Female,USA
a194d06f-2857-47c9-b212-5195cc4f5cac,28,Female,South Korea
6db1d812-709e-4b12-bca2-dc356ecd5edf,43,Female,France
1ed2eda3-c994-44c9-acce-5a9233d99643,64,Female,UK
a9125c54-f2b3-4bce-a6e0-1cb8dd3b557c,34,Female,France
d016fbef-3372-4016-84b0-7c3c1222315d,49,Male,USA
58ee9fb9-d4a8-4194-95e0-6128e182c4c4,68,Female,Canada
6092158a-b744-46a4-a9e6-0174dabbee9f,25,Female,Canada
8bcd7a93-f768-4ed8-8b88-cdfdd93dad07,32,Male,France
95009d6f-2df3-44ba-8718-a5c5a0a687ab,47,Female,Canada
569dea4c-684b-4cb4-9410-0d5aa685cffd,52,Female,USA
186b93b2-73a3-4e36-92e1-6cb9901bc199,49,Female,Canada
cfd3ff5d-cf7b-45fc-8fd5-7bd3fc014499,62,Female,South Korea
d3b17f12-65c7-4495-af4a-06ad645f8c05,42,Female,Nigeria
a09dc0dd-14e1-481e-9ddf-545112fb2931,31,Female,Austria
2bbc82c4-d8cd-46af-9a2b-aa1d7aaa9013,53,Female,USA
97699546-21b1-45fc-93a7-b6205974a467,58,Male,Netherlands
af428082-2442-462b-9964-189f8a3a1b30,27,Male,Canada
bf8ede5a-6a60-4580-9807-1cdc742174a2,70,Female,UK
f8250a57-e0c5-422d-a1a6-cabc373cc4d8,61,Male,USA
d57ff096-54d8-4ad6-9323-a5d767afdf08,44,Female,Canada
f9f4d2c5-4ad8-4e44-8bed-1cef7cad1c87,55,Female,New Zealand
eb09e468-3001-4dfb-9744-c4cc29524652,36,Female,Austria
cac68db4-88b9-4034-b66b-f93cf5d49b3c,53,Female,USA
a17ebe7a-6174-4fa1-bc07-22214fd16ca4,58,Female,South Korea
580f31d1-217a-44ec-9db8-945dc56c4ea4,54,Male,Canada
15601ae0-c8f1-4805-9d70-2845c8c0f141,54,Female,USA
1c0a9566-9f8b-4976-bdcd-afeb45e2b17b,49,Female,Ireland
5a96f9b6-1485-4766-9c37-e69f62d81ef8,39,Female,Canada
d170798c-0fa0-461c-aee0-381449c36866,55,Female,Ireland
3955bfee-8cc1-46b9-9ea6-0e1cc153143e,19,Female,Austria
131eac85-1141-4ad4-a0c9-8e9a94a2fe44,68,Female,USA
87911bcd-e838-4003-beb6-f3c45215ed51,64,Male,Germany
6b99aec4-230c-4c99-a1e4-3927a7c87fb5,59,Female,Austria
7469bbf2-a924-4303-81ba-b123be35e109,62,Female,Nigeria
c541a822-5e09-46ed-9e70-0fcd8be429ab,53,Female,Singapore
79704c24-9694-4d6e-8764-85b3b6942fc4,37,Female,UK
1dc458a1-473e-4a4a-a5c3-1e3fba2b65d5,66,Female,Austria
79436271-9e5d-48a4-83d8-7adb43bf0f1a,25,Female,Netherlands
0bb2bd2b-fa6a-4657-be42-40f14910bb6e,65,Female,Canada
9b46b0aa-dc60-47c1-8b37-c56dca9b0bde,26,Female,USA
d4326cf4-1dc4-4719-988e-ffda522a8e94,56,Male,Austria
b74f8f49-89d2-4275-bc5e-57309efe6a74,21,Male,UK
dadf04df-fff0-44b1-8615-b772772bd95d,45,Female,Netherlands
04cc0d69-e073-4b43-9495-ae71c12701a6,19,Female,UK
1e0c19db-5720-422b-86a5-2e864e30e9e2,67,Female,Germany
d7faa653-a8dd-4de2-bde7-dcb66502bf7b,31,Female,South Korea
1c42adeb-5f44-48b1-b0e1-9b2ab05253dc,65,Male,France
a44ae51c-e697-4db7-a35a-6d57f8cda70e,65,Female,Canada
66312fab-388c-4c70-9734-bf91f81f2ae4,30,Male,Canada
7b05cdf7-b1bb-43bd-bca7-b6b189148912,43,Male,USA
bc0850d1-babd-4e2f-817d-7683c91b6b32,32,Female,Germany
1c3f30d1-de85-4c02-a4bc-d5c1c2268801,62,Female,Singapore
7d1f28d0-add4-4793-a453-50dd871efc6c,48,Female,South Korea
43462780-a02d-40c4-bf13-ac326f80e4c0,39,Female,Nigeria
616caea9-6797-44f7-98e8-f871acfeabf5,39,Female,Germany
514a4eb2-90dd-4786-a38d-87dd2e715079,61,Male,Nigeria
64988fd6-5246-4886-87fa-ee4ae1f540f8,25,Female,New Zealand
5a38fc4b-0bd8-43c4-85a7-1ebed312a440,31,Female,New Zealand
7254ee10-a796-4073-9a5b-4602c5ea9711,65,Female,UK
6052dd5e-f1aa-4197-9f8a-f16148c99a71,23,Female,Singapore
b32b6eb2-69dd-497d-a42b-00d13ea90ce1,45,Female,UK
b3757ef5-7ce0-4d92-ada3-d5fb745df855,29,Male,Finland
2d9e1883-c41e-4712-88aa-f9add7c601a3,50,Male,USA
775557b8-21af-49db-9774-d0fa991d44f0,55,Female,UK
fdb41f0b-1277-4bc5-971a-a27cdd7a4ee7,32,Female,Canada
2c2168cd-2d62-406e-b6ec-0b93c19affd3,59,Female,France
3abec8e3-0d8d-4aee-8c89-7331db3a25e3,46,Female,New Zealand
4d2e3ccd-e890-49d2-88ad-1353a1648b5d,22,Female,South Korea
f54245e9-abc2-4247-81d3-879319acfc1e,59,Female,Canada
3dc5cdc5-9cd0-4c96-9da6-9161275fa254,55,Female,Australia
89f0013f-76b1-4955-8e25-39c7bc8bd549,49,Female,France
33388eeb-b26b-47f2-8e93-232847018e03,58,Female,UK
d066a361-9044-4710-a2d9-1410563b2a74,34,Female,USA
749422cc-ffa1-481e-b664-65e27672d865,64,Female,Australia
92c743a8-5c91-4894-9605-175eb5d9df22,43,Male,USA
cdf5f621-cefe-457e-b463-34c4ed0c4407,51,Female,UK
27ebbe4e-75ea-4b99-9e2e-7b54c8c5a452,34,Female,Nigeria
95bd686a-f731-4576-99b6-be8c22501664,34,Female,USA
8e6df286-5172-4bb1-b115-984e0eb4b290,25,Male,New Zealand
cde45abe-c01d-4e98-ae52-1036080a1755,24,Female,Canada
24c792ec-f8a5-4f79-bc73-2f0f7a1d7a28,68,Female,Finland
a48518e6-3425-4202-9106-e53d32099ece,19,Female,Singapore
984cbf0f-abef-4a44-8399-9b69d16c91ad,52,Female,Singapore
2838ac15-04d6-4172-aed9-1d38fea78ff0,29,Female,USA
0d63d7fc-04cf-4053-9b67-6de9ee16da50,52,Female,USA
c0380558-251e-44bc-8f07-1367b1096645,49,Female,USA
589990c0-3662-4ec7-8321-d902b62dcd43,63,Female,Germany
155abddf-2e23-46b7-ae4b-931ccb54dbd4,67,Female,Canada
99b8fb93-3060-4203-a6bc-2a77ab2aca6a,21,Female,Singapore
daf56e6e-2917-425b-9a82-f25f05148cd4,43,Male,UK
028520fb-e325-4dc9-b8f6-340dc2fde9d3,66,Female,Austria
bc370f9b-b240-44e7-b1b7-95469ae87659,59,Male,New Zealand
82af58fd-a6a4-411d-a985-e21a6134abad,63,Female,USA
9199acf4-ddf1-406d-a21a-71959b36d450,56,Male,UK
498309e1-ac52-448a-82c7-0d6a77196e23,36,Female,New Zealand
3f95ca0e-113f-4432-9339-6ecb54885a25,50,Male,Nigeria
97c02649-a46c-4086-a02c-cbe8e9bfdc9e,23,Female,UK
64906c44-2b3d-486a-bde9-4d10483c7e74,27,Male,USA
f0069be3-a5eb-422f-83a5-732f4c4e9f2a,49,Female,USA
c0224c15-0be3-48e3-b821-2c7049dbc1cf,21,Female,USA
cda13fc9-e1f8-4b38-9cfc-932a52142ef8,38,Male,UK
91960983-10ba-4de8-acfe-91ca5c15d208,66,Female,Nigeria
d8f2b222-bfa4-428e-a529-4083954c5ceb,36,Female,New Zealand
484ea9a9-2b3e-4b4d-87ea-d7f31e774ce5,25,Male,Netherlands
4fd49cd1-a562-43d8-81ff-bda3c3f1d346,33,Male,Germany
41c0cf32-2237-42e0-8403-2576d40d8bee,31,Female,France
325f1784-8a99-47ac-9397-baf69ae2705a,25,Female,Canada
2f7146ad-934d-4ec7-8227-d21e74045ac0,33,Female,France
93be3a13-e63e-4e06-917e-acbe2031177b,21,Female,USA
08fbbfea-6c7c-4d1d-9393-180c177de9e8,60,Female,USA
4ed95216-533f-45a1-9a48-89f24e2725b7,60,Female,Canada
757884d1-8fd4-4f29-92c3-34653c78d39c,68,Female,Canada
d227e87e-09b6-4bb2-886f-ca9305865c4b,70,Female,UK
58e21ffb-cf3d-4940-a83f-1a43cf348009,32,Female,Ireland
327fc95a-fc98-462d-9448-27b1c40b7fa7,19,Male,New Zealand
760328a8-96dd-493b-ad88-e646f1ae2c74,48,Male,USA
08797ffb-1257-4535-aa69-a8929d0fbfd2,30,Female,UK
a530f676-9bb9-45a7-900f-ec4de86166f6,58,Male,New Zealand
283fdb3a-c537-46a5-98dc-c618ea7c8208,31,Female,Austria
7b662ab8-0e52-4c5b-bf82-0b5a63c26de8,51,Female,USA
2e299d08-6a63-4a76-a361-10ee068860ca,27,Male,New Zealand
95dad5f3-61bd-4c04-8be7-133ee21ccf82,38,Female,USA
d2224ef4-7f9f-4517-9ae3-2aeaaafe33a7,36,Female,Austria
2d78e62e-e75d-4161-9112-71715211a01b,41,Female,Germany
707c4e9e-9da2-45c3-9c30-5367677dd9f5,47,Female,Canada
6b8b992a-01fb-4b4e-9219-91b9b4811234,21,Female,Singapore
f87b6707-fa75-4973-8cbd-36c7a78d71ad,27,Female,Nigeria
b559f72a-97ec-4c87-9866-384a29890513,67,Female,Canada
dcfc6b71-a59b-47b6-808d-ad8edbf882aa,29,Female,Germany
4d6c4b48-17b9-426b-a646-3bc3fb35c60d,52,Female,USA
9462716a-1578-49cb-b309-9468ac046235,60,Female,Australia
5f3f01e3-4b5f-475c-9f10-87f05fab855a,66,Female,USA
b468a94e-d71a-4856-ae78-a47b882b4104,57,Male,Nigeria
b261b633-7f91-4609-b604-10fa27cf2e3e,42,Male,USA
e77ef62f-dd32-488e-9806-1562f120ae80,44,Female,New Zealand
fc787559-3d99-4a86-9fdb-4045a477d32f,19,Female,Singapore
37ffeded-1bac-404a-b8e3-d33d6c7bba52,69,Female,Canada
41eb1102-e14c-43f8-b325-464cde749feb,21,Male,Austria
6ca46732-3c00-4097-8448-43052d42cade,23,Female,USA
12b9ddff-b9d2-4494-94d9-8bf11a856479,19,Female,USA
99b5dce7-dabb-4ab3-b1c5-33897dc93bbf,56,Female,New Zealand
5c2dc092-7bb4-4bed-8510-20acf42d3bde,53,Male,Singapore
7ce0fb54-4444-4d16-bfd4-e9de1bbef296,37,Female,Canada
4cd2d521-586e-4342-9dd6-4f7689a7ac90,35,Female,UK
316f973d-d872-4ad7-b5af-42c257f6d30a,51,Female,Nigeria
afe68a18-077e-4e93-abbf-e3363729b1d2,33,Female,USA
69066dae-f370-4ba8-8640-fc8afb9e3c15,43,Female,Singapore
d55187d6-2a02-481b-b3be-258891548a4f,45,Female,USA
de36e29b-63c3-4db4-bc3e-56d4896dbcb4,25,Female,USA
2678525a-1ac0-47ff-b2e1-b0451e5dd133,33,Female,Canada
01fd19d2-9f2f-484f-89f2-98981b21e5de,52,Female,Singapore
da307230-3a7d-4807-bb64-d7b9f4f2eccc,69,Female,Austria
21a7e560-baf4-4399-b602-5aec5ddc2030,45,Male,Australia
9a4ffe32-5eac-4390-8250-4ff5e02eb212,61,Male,Canada
692c0dbe-be80-49b2-8425-6b256cecca2d,54,Female,Netherlands
940b0ca4-e1d5-485a-8ba7-e59145f73a54,40,Female,Singapore
77f4097f-710d-4992-8ce0-a7845cae4f9b,58,Male,Austria
00fe0528-4204-401f-9ea5-077c05976cf7,26,Male,Canada
250dcd62-ef8f-4387-9cf6-f1e459b62141,48,Female,Finland
27cb0d20-d4e7-4e2f-bc25-a95f72c6eab1,67,Male,Nigeria
3ab3ba44-4b8f-462c-94f2-4712603b69c6,23,Female,Singapore
ecf64588-3bee-40d7-a6f4-59ab7f8c415e,43,Female,UK
21c9167d-c77a-41cb-b715-8a1b75fca086,34,Female,USA
1c8d77a3-b9ab-4149-afca-d2b0a23c94d3,33,Female,France
a546d008-e98a-42c4-8ac8-bb8cb544584e,55,Female,Netherlands
f6ad6693-213d-44cf-8cf2-e66627ae65ec,37,Female,Austria
e286225a-2756-46d5-a4f7-ae99e57644bc,45,Male,Nigeria
8324a70b-fbaa-415e-8ec5-7c07b3f93e0d,22,Male,Germany
261083a9-34cf-4cc3-bb2b-20ad232eae28,48,Female,Austria
9a700b0d-8527-4543-b485-9bedb1c6d9a3,46,Female,UK
4c42dd61-884e-4705-a546-1e90a87a2490,44,Female,Australia
4c447251-72d6-443e-8d46-40924f13f843,65,Female,Austria
cd7d779b-524c-4092-8a95-b03db7de2379,53,Female,New Zealand
87907c41-7b22-47b1-8751-bbf84952cd3b,43,Female,Austria
5073573a-dd67-47cc-a8cc-1974e9499e36,65,Female,France
533a5c49-c28f-467b-a2ce-7de24427a120,43,Male,New Zealand
97fa6315-2405-4275-9aff-b6c04e7ba52e,28,Female,Finland
4cc68750-19e7-472e-870f-5d1042ee1d43,69,Male,Ireland
e800c8b0-309d-4729-a0ad-29cd601bd212,57,Male,Nigeria
01d0d6d4-152c-4d65-b528-514450f513b6,66,Male,USA
2b31d71e-8a1c-4dd7-90b1-1b0a892da76e,22,Male,Austria
0e884c77-6665-4d8d-816b-c6e41a01f46e,69,Male,Canada
b73fb26f-6f27-4833-87b1-b89626e370cb,20,Female,Canada
40bfa7d5-2bd6-40a5-8dd9-2932f9fd6297,31,Female,Ireland
520eff2b-d850-4bc9-8686-826e2a27440c,31,Female,USA
334015ef-508d-4939-b06c-150609ee3305,29,Female,Germany
e501f99e-b89e-47dc-a495-5dabbf32f6ca,43,Female,UK
c40eb950-1fb8-46c8-b167-5c8a7df0f1a2,22,Female,UK
5732b080-6093-4c99-808d-7b054d381b1c,39,Female,Finland
9c7351f8-4b44-4df1-884d-4eef97836eaa,48,Male,USA
dfe54908-ebaf-4079-9b4b-13017ab5fef7,51,Female,France
45ad3b36-6e4d-4416-abb5-8cc39d4ba3cd,62,Female,Nigeria
cb9c9458-b42b-49ec-8e22-97a3d4eb90ee,40,Female,Nigeria
6a017baa-f843-4d1b-8273-502da7932dfe,70,Female,Nigeria
961ef1fc-cd66-494b-84ea-67b73519dd7a,27,Male,New Zealand
4be8ede4-bbfb-4518-a583-cf9232cc183d,25,Female,USA
c94460b9-d20e-4d2e-9587-4afc21977b57,57,Female,Nigeria
cb65d387-8ace-4df4-9ed2-8be979bec90d,22,Female,Nigeria
4bcc27bd-d95d-45b3-94d0-099b155fd204,34,Female,UK
44532e13-a3c8-4e33-9590-250ce926a981,22,Female,UK
d61c59e4-b24d-44e3-9dae-79031bd798a1,68,Female,Germany
a33d0e7a-478c-4f5a-87be-9ec7cd1a1981,57,Female,USA
c8504471-2509-411e-8ace-624f1734be54,33,Female,New Zealand
b2bb1005-b9d0-4e1c-91ef-6d8679ca4ca1,19,Female,Austria
6b90a460-9487-4039-8f87-39da699c8667,52,Male,Austria
bdd8dd21-d0c9-453f-b06f-8f3f9bf3d7eb,53,Female,Nigeria
21a89738-6595-4cc1-b829-524ce47a3b8d,22,Female,USA
aa300820-4780-436b-ac80-acfc7ee7daaa,42,Female,Ireland
edb9eef0-5f52-4d63-8c63-af3ab9f713b9,58,Female,Singapore
3889f4de-f198-4e87-853e-548567c927ac,41,Female,Singapore
02ef251f-6bad-45b3-b93e-3d34f4d1c8f9,42,Female,Singapore
eb3eace4-60bc-4fe3-a35d-5614881b277c,37,Female,Austria
5d29f3f1-c0cc-4ba4-a29e-460a454209bb,27,Female,UK
329a0ac1-e36c-4d32-b61a-09072e4ba84c,67,Female,USA
dc3f218b-dc5a-4f4a-a710-b8116525b4d6,45,Female,USA
3c5ddd3b-c64b-42df-8d52-7dc735eba822,55,Male,Canada
07fa075e-21ca-419c-b0ce-83690a41a9a2,67,Male,Netherlands
3f3c8a92-5d86-47d4-aebf-e6b59b6a4234,56,Female,UK
b2072de3-3b1f-45c9-baf3-b393f5ed9427,36,Female,New Zealand
3437c1cd-efff-4ccf-8a96-9b217fc6b37c,36,Female,UK
8c89a9ee-e51e-4074-932e-0844a50c3a15,69,Female,UK
1335dd55-5767-4c22-8cf4-5b807b2949a9,39,Female,Canada
f67285b6-b143-454e-a86f-2e54cc6d97c1,33,Female,New Zealand
2f08594b-3ae2-4200-89e4-844b08ad6133,48,Female,Netherlands
1e433472-2333-4f12-bd94-c14a7c7a27d2,52,Female,Canada
79692e7d-edf7-4d0a-b75a-f43ef35069b7,59,Female,Austria
4e2f576d-eed0-4744-bf4b-85e4e443fe32,55,Female,New Zealand
d0f03cc6-ab70-49b6-b3e9-ac5867216206,45,Female,Australia
8fe4c682-a04c-4ba6-93dc-3dbc43c629a8,53,Female,Nigeria
2f14edc9-fc8a-491b-af5e-54e4227677b1,24,Female,Finland
11431bdf-647f-4376-bc4c-adb27636230e,51,Female,Canada
b93d6d97-a623-4849-9537-9bb1e8dd05d7,42,Female,Ireland
eef26b3d-6c52-4549-941d-452736b9ae19,23,Female,Netherlands
9116c92a-ab2f-4be2-89eb-39d3d6313c8a,46,Female,Singapore
74547d23-2ddd-42d8-8dcd-4492056a7a05,27,Female,USA
e58a857e-7a81-4933-a95b-1e9ec2e1b946,70,Female,New Zealand
dd006a43-7a34-4083-9e6a-fb1cbdcdc7b4,30,Female,France
55eac8ef-ce12-4775-a764-59cc2c8f29bb,39,Male,Ireland
a39368b2-f581-4b3b-93d8-c834a47bbeee,29,Female,Canada
2d6b7218-d0c0-4914-b4bd-bf36ddac24d6,38,Female,France
e5e8f33c-928f-400b-b2be-7b06a8fcd9e3,40,Male,UK
2e672fca-505f-4094-999e-bcceee6beccf,32,Female,Canada
882d3a84-fdca-49f7-aa71-7be917bea097,41,Female,Canada
9e72445b-232e-4411-8150-1af0c9fc6e7f,49,Female,Canada
4323cf5b-5a52-4830-af41-0c72c292f8d2,64,Female,Nigeria
ddc6c98d-a23e-456a-8d60-f32342191c1f,58,Female,Germany
5726106b-1f7d-4596-85e6-d4d9acb06ec8,64,Female,South Korea
665e69b1-6494-4756-8977-947d48628b9e,55,Female,UK
55e5cca3-68b2-4c93-b718-7319841947d5,20,Female,Canada
be2ecb23-960e-43f5-a6e7-729764e1d55a,33,Male,UK
2c1e9d78-43f5-491e-a23a-5c8368f6b8a1,26,Male,UK
4587ead7-e784-47af-b3d3-f6d1787df4d0,36,Male,Canada
d6cf4c7c-1fb3-4027-98fa-6c56f6c5fa72,69,Male,Finland
b2b044db-4f14-439d-9499-7c99bcbc0c4e,28,Female,Austria
7eb9b828-3e21-40ee-832b-0a2ee8f6b34a,58,Male,Austria
833b9378-f75a-43d6-b4c5-ba5181cc81e0,58,Female,Canada
ff63f703-4f3e-4791-9fca-145962d35f96,61,Female,Austria
0405ae53-682c-491b-9ff3-72ef435e2e85,32,Male,Australia
35994f43-a236-4cfe-a41d-30cdaf8f8d26,20,Female,USA
a57ee6d1-bf3e-4dbe-bbd9-3ba2889b199e,54,Female,USA
ae0ea4fc-277a-4be7-8e7c-abfe4c18145c,68,Male,Australia
0e6ae17c-e002-49a5-880f-736d23439550,64,Female,Canada
37487ce1-2cbe-4578-b6c5-9eb9755255b9,30,Female,USA
05a03600-e189-4881-ba1c-2329bce79ff4,64,Female,UK
c2b103fa-fe58-4f44-982f-6f0446bdd243,69,Female,USA
4a1fba46-b4cc-460e-8a9b-16d937182f90,57,Male,Ireland
c1305e09-efcd-49df-b4c6-56e7fd305536,28,Female,Australia
419da641-dc18-4fa5-8fff-7280246d7a03,38,Female,Netherlands
af56ce95-3665-4d40-b50f-5ee9287f4dd1,55,Female,Austria
776ac55f-98ba-46b4-909e-a67e3a08c909,69,Female,New Zealand
e5b86c77-eea3-4b24-af42-8a7ccec1ebe9,60,Female,Nigeria
177dbdc6-4ebe-47bf-be88-c5f172786790,19,Female,UK
988dcfaf-4f5a-4648-acf8-b0a3b1d966a8,33,Female,South Korea
e0130561-598b-4696-b1b9-c12dbba5995d,19,Female,Singapore
d70f375a-e011-4dca-bf1a-81cec0b88ce3,66,Female,USA
c99af65f-5e24-449b-9cdd-8a1e605146af,30,Male,Ireland
d7b4e930-c9ec-4033-951f-bb8088690a05,47,Female,Austria
5dd0089b-606a-4e9d-af2f-7d4465a3118d,52,Male,Canada
3c28745f-522c-4864-a006-90825e4bfd86,61,Male,Nigeria
45fc4fbb-43f8-426c-be25-0a0506f4bf61,28,Male,UK
b5aa1a65-fc99-41e6-b3e3-29d5462b5804,45,Female,France
47522c59-ae81-4cef-8e50-75d20d7ab767,47,Female,Ireland
5f912b3e-5d4d-4af1-b4b4-a92d93a3d2bd,43,Female,USA
6667f834-d8b4-42f5-9621-30c67b395258,41,Female,South Korea
b85edb2e-b3d5-4ba8-bc1b-cf04563bd7f3,35,Female,Australia
3afccd40-518b-4c99-8ba1-5bdfc9accbc0,66,Male,France
f3e0326a-d566-40a5-ab01-cff3ce889044,32,Female,Austria
d711fa23-385d-438e-89bf-af4af7e1e243,67,Female,Canada
bd689b02-01b3-41d7-a028-3b030108a80c,66,Female,Finland
4b26b7e2-7380-49f4-9d2e-d9e946412bcd,55,Female,USA
d9afbcad-e2b8-4b70-bc44-d959b0a79bb8,20,Female,Canada
39e2d369-3bb4-4f71-bbbe-20f9a8437fa1,55,Male,UK
c29091d8-4d16-4e99-ac77-8f9ea81e5444,39,Female,UK
4bef3124-bce6-4bcf-a9f8-1165b95ca39a,37,Female,New Zealand
9582e2b5-faf6-49e5-95ea-96c9c30d6c1d,56,Male,Australia
1ef6426f-55e1-4dc6-8c75-fd7f56ff0fde,41,Female,Nigeria
cbcf5705-6afb-4e39-bd2a-f12039f68ad1,25,Male,USA
898f6603-6de2-4eb2-8075-4e35d391e6f0,60,Female,Nigeria
f07c9712-a9b9-4042-9691-3bad041cf07b,21,Female,Canada
454de6a1-6ce1-45fd-bb79-46b7b0c7b4cc,50,Female,Nigeria
29b7cd5e-fc2e-48ff-8fdd-d98800a20051,46,Male,UK
dabdd286-89c7-401b-a466-391bc39f5aa0,53,Female,Finland
3b7c18b6-4dbc-4fa4-8b24-ccdf843ec379,22,Female,New Zealand
079f4ed6-37d6-4196-83a0-8f2cd6e2956b,20,Male,Canada
1c36a38c-7cb8-4003-9f43-6f4820093b46,20,Female,New Zealand
130c7caa-c565-4128-9c83-20f8826f857a,57,Male,USA
a8039c64-5dfb-4640-a102-c0f4f31aeed3,32,Female,Ireland
63c2985c-7ab4-42c5-8ae7-ec1617b24551,47,Female,USA
0764a756-28f6-474f-92ed-1d6777439d43,28,Female,UK
9728fee9-8972-4f83-822e-b4d48447d1c0,31,Female,USA
8f088228-bf0b-410f-8000-0fd199071ea1,37,Female,UK
2f35aa06-0947-4884-84aa-e79bbe448ac9,35,Female,USA
4af687d6-bfb9-4699-a0c0-88987fa8d7d4,24,Female,USA
c30c5c07-0ac1-4d20-88f6-fee5c3b5966c,35,Female,New Zealand
e3c3307c-793c-4e04-a5d7-121e1183e316,22,Female,Singapore
e3b11ef9-ae88-4f6e-b0aa-0052fd6ae03b,41,Male,Netherlands
0c76f310-9328-4c79-8c38-72d86eeefb31,58,Female,USA
b8bbb112-06ca-4cd7-b11e-186840c47892,21,Female,USA
19f4d0f7-b04a-457a-9d0a-fbad1f4f159b,32,Male,Ireland
ce08dc00-ceb1-4f96-9d91-766284d2be1d,63,Male,New Zealand
0fa1d7c7-4c32-49c1-8ab7-979d6d173ff4,57,Female,Germany
711958a0-f66e-4a18-a0e4-9eab433dbaa4,64,Male,UK
92370e07-da2d-4abe-91ed-e0c6917182f1,53,Female,Netherlands
e03200a5-4765-49b4-ad87-239737545111,38,Male,Finland
055848f1-54a6-4f59-b9db-fa2d39b1c9e0,67,Female,USA
16593193-8d48-449a-b23e-36d369cb4ef7,62,Female,Nigeria
fa0c8790-e672-4f28-8bd7-302dd3021870,56,Female,USA
90fbacbe-581d-46f7-9c22-5b01ae862e65,23,Female,New Zealand
c704b821-6ae2-41c3-be80-e1f09941f406,42,Female,UK
61b7b1a2-c4e9-4a6d-8e4d-7ef1917b73d5,54,Female,New Zealand
d084adf1-1464-4526-9c12-bfb3be8e9283,28,Female,Austria
cbf09b1f-87fe-43ac-ad5d-d4bc05f9f19e,46,Female,Austria
fc37b8a7-e508-4387-9096-62c4eb5f5a01,39,Female,Finland
be861207-e86f-44b6-a8d2-151700f9c919,64,Female,Canada
68c6e669-dd43-48ae-a3f8-2737f4974790,67,Female,Nigeria
99c4e636-a8c0-4235-a16e-f46ab65657d8,19,Female,Austria
f4fd610f-3922-4ae5-865f-4de4cba13c3e,31,Female,UK
875280dd-e54e-49bf-be09-a3010693c256,34,Female,Canada
cee886d2-ae57-41c8-8941-152bf77126ee,64,Female,Finland
94061adc-b585-438f-8230-1c06a95b1a74,46,Female,Canada
9c9e752c-62ea-44c3-8cab-fc5c65ab1c03,47,Male,South Korea
9b512735-2d36-4a62-824a-088bc7ad656e,60,Female,Nigeria
18a03268-3dae-4c32-988d-c3accb1d3d7e,69,Male,Nigeria
22a412f2-5911-483f-a6c3-055ffad1aa67,52,Female,USA
cc8cbb01-9d21-4b09-8d81-51e709359e32,44,Female,USA
e967e4a9-63f0-4ed6-8a0b-bca9e3b64dd3,62,Female,UK
85588401-76e2-4bab-92a9-3077aaf8d77c,34,Female,Germany
62abeaf1-7e6e-4533-bfb5-eab105f725a2,63,Female,UK
7813e6ca-8261-4316-97ff-bad943c0897a,55,Male,Austria
36e5656a-0cc0-4a59-8cc7-1fa8896dc789,51,Female,Canada
5e12609d-2293-48cf-9eab-2ad54ea3fffc,65,Female,USA
fde0d000-1e01-4a5a-b067-c27bfd70b65f,25,Female,Nigeria
7ad9a92b-6674-4d3b-b7f2-1d9ddf9ece42,48,Female,Canada
b2da61cb-7297-4935-abd8-2d5b126b7cd7,31,Female,Canada
748800f3-a6bf-43a1-a855-f72da6765022,56,Male,Nigeria
e1837ab7-9311-44c3-96d2-21f1fd59316b,54,Male,Canada
8b53f347-7e01-4683-afc9-fd0f3ea39dbc,33,Female,New Zealand
cb949467-e30c-41ea-a241-113115370def,19,Male,Nigeria
9cb82db8-ba9c-48fc-b1e3-1a7595ac1017,25,Female,Netherlands
dc990cbc-0654-4420-b2c3-7506d2642b31,30,Female,Netherlands
851d8f48-e94c-4b20-8d21-51a721b52e74,40,Female,Singapore
ca2947ab-c4bf-4945-bdd5-b99e664a14d1,46,Female,France
2f8d5fbf-1221-4281-a239-0664e35b75e4,68,Male,UK
57656fcf-58bd-4d54-a35b-186d36c816a1,53,Female,Ireland
96e82f86-c8cc-4899-96d2-29475b3426f3,30,Female,Canada
73a192d6-9f2f-413a-8c3a-274ce805b4f1,44,Female,South Korea
b2ceca6e-bbe6-4e08-a11d-db7dc4fa0555,41,Female,USA
1007b5ec-c2f0-47ca-9dcb-f61049dcb207,40,Female,USA
89504e05-8af5-4deb-8966-688748c927dc,47,Female,Canada
34ffedf8-a5f5-43ac-9098-42accf65a971,38,Male,USA
c44d8580-8235-4342-b443-f3aea37bf9ac,49,Female,Austria
412c5633-854b-4c81-ad88-7bcf76802d42,56,Female,Germany
32bae7d3-24fc-447a-a229-1c78b32b1b9f,61,Female,Germany
8b1dcbca-0142-42fa-bc76-bab4be0e1111,22,Female,USA
69275f07-8e78-4493-9421-d123ea035cb1,67,Female,USA
3d11cc46-0f65-4333-9cb6-9c94c0daf91b,43,Female,Singapore
d45c179e-5657-4e71-80f0-6c5ffd7a9c96,55,Female,USA
a55765d3-a335-442e-8c6f-39eb17fa91d0,61,Female,Canada
ed3b686f-12c2-44c3-9400-e38c80020d75,48,Female,USA
f745993a-408b-43ac-a16d-8b7b7eec61d6,41,Female,Canada
68518fe9-cbeb-4b22-99b6-d526a0266e28,35,Female,South Korea
87850b3c-e3bd-409b-ab90-7e6fe66b0c7c,37,Female,Austria
c6f1d16b-c238-4a31-9d99-6f9fd074deda,21,Female,USA
0464b978-6095-4c82-a805-d8c9527bee97,68,Female,Austria
a1e98cba-f76d-4b26-99a1-3f4bfc09f227,19,Female,Germany
8a15bfc6-08b7-49cb-bf94-868b737e749f,38,Male,UK
d24dbb0a-cbf5-4535-91fb-471489fcdb44,51,Female,USA
64e075c3-1ea1-4edd-b3d5-dc6a671e7b0e,50,Male,Austria
5b9b667a-54a6-4183-8fef-4e8ff2437b6b,52,Female,Nigeria
de146384-4357-4808-aeb0-5cf4f2c18fc5,51,Female,USA
0727174a-b766-48ad-9dea-6cc0e59b28bc,26,Female,USA
7aeb8154-2e3b-4991-9047-34e650e58994,66,Female,UK
ffc55122-0406-4f07-ba1e-f54cc90744fa,66,Female,New Zealand
3c327b06-6997-4ddf-808f-f2b690e05501,69,Female,Singapore
298a55ce-4846-46b3-be55-fddd56381aa5,23,Female,Germany
4f282f06-3d8f-462a-bb3c-e30085b41613,49,Female,Finland
3c33948f-6989-411c-88f5-2bcef1df5369,31,Female,New Zealand
6ade408e-5871-42fe-bb92-d555e1797775,22,Female,USA
2bf92b47-f0b3-4503-a5ed-871ffd7fc2bc,41,Female,Canada
bcf0171d-59f7-4757-b7ef-944f2b893e76,58,Female,UK
8280eb9a-587c-4204-9504-8021f513e2fa,22,Female,New Zealand
6150e3d1-cb77-4dc8-8802-5cbac05d166d,31,Female,Canada
538d112b-cf9b-420e-a86e-d5553d78b3a5,60,Female,New Zealand
c38fb395-8331-4141-8ef6-0657bd250dcd,32,Female,USA
baca4989-8b80-4d9f-8dc2-2f4758d11c8e,21,Female,Australia
b383bd7c-151b-4295-96b3-9899ed5f6066,33,Female,Nigeria
e1c63082-5680-4ec5-9d48-9a0a7ac4fc27,32,Female,USA
01d5ef1e-1616-42c7-ba95-5d20347e317b,37,Female,USA
1a4f438f-277c-4b80-b020-22f77c88dc74,35,Female,Singapore
e078ac61-32c6-42d7-81f2-78f641562c62,32,Female,USA
3543b5af-c948-4825-be53-197e15feb6a0,28,Female,UK
d07f047a-775f-4114-8698-cca8b988a5a3,55,Female,Singapore
89cabbcf-c0ec-4241-a05b-8fbeae408389,67,Female,UK
5179dede-d1a0-439b-af1b-a74d66fc190b,24,Male,Australia
6d5fdff7-fbce-456a-8b7c-c846093df78b,23,Male,USA
1d2c4fce-c75b-484e-9620-53e2a89d16c9,32,Female,USA
291957d6-a061-49fd-8875-72f4b558d5d9,26,Female,USA
025030e1-56e1-4344-afcc-13121dffbca7,22,Female,USA
053e5012-3dc1-4e08-8a07-b800a208e2a4,22,Female,Germany
8308766e-cc5d-44ff-bca5-6991c644502c,38,Female,USA
44fd25aa-5278-42a3-a9ed-5de9ba87d35d,52,Female,Singapore
385c7c13-5bf2-4da9-9302-03fd60dd7672,63,Female,Netherlands
42470c3f-063a-49d2-8857-31bbd0298d6a,30,Female,Canada
a7025bd7-9961-4216-b21f-f5ae822f26ce,62,Female,UK
369d1b4c-1883-4024-a759-27c5133bf1b0,64,Male,USA
9abcb122-277e-488c-a3e3-ce2afb0ad439,30,Male,Austria
b21c81f2-4bb0-49ae-a59a-17b8a8a05574,66,Female,UK
4c946661-ae52-4202-b0d6-79f2d869914d,63,Male,Nigeria
ef736f1a-e661-4a26-891b-70da7bf34edf,34,Female,USA
70ceb8ce-e728-4545-b223-31fec59fa3f4,52,Male,Austria
4855d7b9-b03e-400e-a094-74a1d7c62215,55,Female,New Zealand
a2268522-e4d9-476d-8a26-008d77e2aa4e,25,Female,USA
2a97e116-214b-4537-953c-99c89a659eca,39,Female,Australia
b568497e-96d7-410b-9614-d9ab7596d381,33,Female,Canada
fcf0ad6e-4c44-477d-a1df-ae6a5631beb4,21,Female,New Zealand
ff1a84ec-2d79-4354-b16a-51e0e7b4d1ee,57,Female,Nigeria
ff2f0fb6-fade-4552-addd-df998f0d6b35,45,Female,Singapore
05882fa7-655b-432d-9d75-f1abcc5027b5,39,Female,Austria
2887632d-f833-4e3c-9ff6-e49178e208b3,42,Female,USA
1c5cf429-b5cc-417b-80e9-f1a0dfc89c2c,42,Female,Finland
09122e3d-70ef-4286-8962-88110af818f7,50,Female,UK
9afcb3c5-385d-43a1-b5d1-fe7d0d3ee337,68,Female,New Zealand
80527a32-4a0c-4940-8ab9-b6b628eff845,70,Female,Canada
5f6ee5fc-a801-4ee3-b0d5-e1711b9fc25f,51,Female,Nigeria
7be32424-53e7-4367-bbac-1b83b0464003,40,Female,Singapore
931e083a-2e67-4419-8d43-6870e9ba08cb,60,Female,Nigeria
7d913d6f-ec18-4be4-b9e9-17814c3dfa3a,57,Female,Nigeria
50288646-c4e7-483b-ae36-2e7eb26580e1,69,Female,Germany
faa25fb5-3a86-4cf1-b52f-64ba7d231877,35,Female,UK
3e09e554-8448-4ea7-8198-b99b442b6ec5,25,Female,Singapore
9d424842-dc66-45b9-80cf-856cd42137cd,50,Female,Austria
5fde4bdf-dd15-4e80-8a66-02ad161d287e,63,Female,South Korea
c822b11c-5d22-44ff-b8a4-71aa01c46f42,44,Male,Ireland
53427e45-6564-48ea-aa98-03bd07d5b712,48,Female,Netherlands
ee931779-574c-4e65-b419-e8bb90c878c7,33,Female,Singapore
18dbdb97-bc13-49c4-9df0-d07106c4d6e8,68,Female,Nigeria
06175ad8-2358-4ae7-bcfa-5da747f9adfc,60,Female,South Korea
d5bf7fae-4969-467d-bcc8-27d5a6605130,26,Male,Nigeria
ea52178f-26f6-414c-8e74-b7640b78e3a6,64,Male,New Zealand
4920f86e-a6c4-47a1-aa05-c8d114a5cc85,59,Female,Germany
02f955fd-d014-4573-8b6e-2580296e6ab4,24,Male,Austria
f8e0fc0a-6446-4a5e-a636-028a4ea82d38,70,Male,Canada
b4a8e2a2-6723-4a66-babc-512aedb5d702,26,Female,USA
f38c1147-53be-454a-8a5f-028fa1e863b5,30,Female,Germany
11a0fe5f-34b9-458b-a2bb-85d5e24b47b0,33,Male,USA
dd67af1e-a2b1-48e1-8f0a-2ab26755a58c,47,Female,Nigeria
c26f50a1-ac33-424f-8777-d4d4e24beef9,38,Female,Austria
6ebc2cb8-9699-4d7c-955c-a70a7a926756,36,Female,USA
929a5fbf-4dfc-416f-85f4-ccc533e8a1a0,60,Female,Canada
dac0983f-2e6f-4544-9005-c0fa613138c1,49,Female,South Korea
a2b51fd0-1ebc-4d20-97d9-3fa93abd9218,57,Female,New Zealand
c5225d63-6c05-4ca2-9314-41736b302f20,48,Male,USA
8b40e6ce-11be-45ac-bd06-530940c6de79,55,Female,South Korea
f047cba4-2b7c-4098-ae20-f8d60eb49dda,45,Male,Germany
6e4c2328-9cea-4c8a-b46e-df53dd0dbd5c,60,Female,UK
a96bd5ff-0970-4440-ae48-5d3ebe966c27,34,Male,Austria
1e631791-ef2e-4bf9-9448-b395b452d534,37,Female,Singapore
99fb4764-8e87-498e-b438-3d7b1acb06e9,65,Female,USA
af375886-2cb5-4cec-a8eb-ba353b7e13b5,36,Female,USA
01615192-546b-48e9-842c-9168066b9bcf,32,Female,USA
09f8894b-10dd-4b33-971b-b5f929162d81,51,Female,Canada
4b3dc26c-a1a0-45c1-bf3f-522fc756e2a1,69,Male,New Zealand
38c5d7c6-09cc-4db7-86ea-16b3eebc7011,67,Male,Nigeria
a22ba63f-c764-4da5-9a2d-54f8f5091dd8,51,Female,New Zealand
f8215067-d104-4df5-9562-20faa03fe3a9,23,Male,Canada
8ae573f3-50f4-4095-95cd-fbefca679e34,57,Female,USA
c73ae65a-209a-4433-b94f-2f0373729d78,26,Female,Finland
97a817b7-cae7-4b24-b02d-0de36360eb69,24,Female,Germany
81edc032-147a-46a9-bbe1-21c823dd39c3,67,Female,South Korea
bff5844a-492f-4eab-98f7-954e64100f9b,26,Female,USA
740e6f14-84bd-4f27-a836-398543ca8378,68,Female,USA
59134cac-7d7b-4cef-bda8-e30d435111d8,43,Male,Ireland
1a1f0641-457a-486c-b679-ce82e81c100d,56,Female,Canada
44a6c491-c136-40f4-86e8-4b291b04f1e7,60,Female,Austria
08185155-ab43-43e8-9550-e20862893929,34,Female,UK
7a129ae7-29b4-4c86-a99a-34a1cc9cce8e,45,Female,New Zealand
ac179a4e-3c44-40a3-be80-349da7dc871f,19,Male,Canada
e509c7ef-540d-4483-aa2a-18292e4e54df,65,Female,Canada
a354d14b-50ac-4b71-a4b1-943ff9c6467f,27,Female,Austria
1072335b-5856-45de-b4c2-c50ebd332ce3,58,Female,Nigeria
fb4825df-c3dd-4b08-bfb3-3d6fbc6c7adc,31,Female,Finland
731bf54b-eb49-463f-85c8-0030745bdfab,63,Female,UK
36b4b67e-a5c7-42e7-87c2-99b95332c0c2,69,Female,UK
8f4076a4-e5b7-43c2-a40a-51fd72068ad4,29,Female,Austria
c8d9b360-2ae2-4513-a08e-51667922b5a8,22,Female,Germany
8e526a38-37a6-4c5d-aa7b-397398e2fdc5,44,Female,Canada
257cfa92-561b-45d5-a866-58108a125806,57,Female,UK
2dd6c657-478c-454d-b720-e5051e067d6f,65,Female,USA
76ed2aa7-3728-4a25-bf46-15c72f0f3387,69,Female,Finland
eb11fd3c-0557-4cf6-ab4a-d2e4b2f6ece1,63,Female,UK
02ec2359-68bf-4f5b-9d57-0f289d8c8ce4,45,Male,USA
d9302d1f-94a7-4d5f-a022-b7346be1dc27,62,Female,USA
9f983735-d739-412f-b879-349fcf9eff9d,38,Male,Nigeria
c8bb0d38-c01a-4dd3-a1d4-1e90aaf8b4b7,40,Female,Australia
bde77c9c-4e9c-49ad-badc-7834bba8bc4b,39,Female,USA
70f4b794-fe60-4bce-a876-603f9e65a772,57,Female,Austria
1f0ec404-04dd-4dd6-a73e-83a665ec5b9c,40,Female,UK
98d3f2bf-e37a-4a04-9d2e-dfc1c15b39f1,35,Female,USA
fb106eab-313b-4152-98f9-7b7cc958aea4,24,Female,USA
823f7edf-d745-42d2-b63b-8f5d5c622949,38,Female,UK
4a5f96cd-eaf7-4f07-9e0d-d6ba0cd03995,46,Female,Austria
52f08a10-5688-4043-bc92-e8b9446e96c1,45,Male,UK
2b1645df-6e02-40a0-8479-98228df89713,66,Male,Singapore
7d8785e4-fee5-4e35-8d99-c95791fdb40e,54,Female,UK
2fdf96b0-178d-45d5-bfbc-cd1e12975b5e,65,Female,Canada
a6e76844-21a3-479b-8b30-b9f474470625,67,Female,New Zealand
6b1273cb-cd3d-4600-9514-53bd487cc972,52,Male,USA
eeaf35e4-1c37-4f4c-bbff-7e5982243bc0,26,Female,Austria
853fd4ce-2ad0-4e61-baff-3bb706eb0fbc,23,Female,USA
19aed20d-b1ed-4da3-90e7-142f3d22a4dd,52,Male,Canada
235c5a57-780d-4a91-8f41-7b5129cfe6b1,45,Female,South Korea
67bb7b88-04bc-4895-9120-c70d992c18d6,39,Female,Austria
52d17a4a-77fa-4616-b07f-6bb897ed98ef,54,Female,UK
ff555474-62bc-4a2c-8c51-20de2856d8a3,54,Female,USA
399cc032-e771-4c5f-9932-789ae3ae8791,41,Female,USA
bf6f6b97-2842-46a7-8196-d2aa7be2d22e,28,Female,USA
7cdadb81-a4db-4a0b-b58f-ad35c0804c6f,21,Female,USA
3f37b81a-a38a-46b0-8bab-099da3a39a52,36,Female,USA
31bc4fdc-848f-4162-b65c-55e82f521341,43,Female,Singapore
ba2681c1-d05a-4cd8-b8ff-02688c773039,61,Female,France
df12d842-30c7-40e4-8848-a519ddafa949,57,Female,Australia
1d606ee1-9759-45d8-b59c-f0a0f55cc88b,60,Female,New Zealand
0245a011-c6cd-4375-812e-d707a077c2fd,61,Female,Canada
5922cf8d-6134-4564-84f5-2cd2ec672a8f,64,Female,Canada
6c808eee-cb57-488f-9ac3-08b1d54dff01,43,Female,UK
17b63a56-4778-4e9e-ba5e-2c0e91a554f5,69,Female,USA
0ebb17b2-6f86-4bd7-87b6-4ffed2730bfb,47,Female,Nigeria
2d26bdd8-d93f-4766-b6fa-6a3011675723,48,Male,Finland
cb684c0c-7087-4560-810c-403895e22973,35,Female,Australia
544a8d61-1bd6-4cb6-a5c2-3256f5ab227c,39,Female,UK
461e7633-b2c8-4fdc-a0e5-0a51ad657da7,65,Female,USA
1dac08cd-fbbf-42da-8c06-26dd59021372,43,Female,Austria
c9bd869b-6d56-477e-9db0-dcf1c186f69f,36,Female,USA
662be0f7-2661-4cc6-803c-dd4c7240e37c,58,Female,Nigeria
cca02125-e14e-4f2b-9897-e2f2e4ffd5ae,35,Male,Canada
257588ad-1ea1-4f2f-b420-cf0e2d4ee2d3,25,Male,USA
b0912317-5bd3-4de7-bc24-4a0f3b68e454,21,Female,UK
aea9abaa-74f3-4ab3-a866-4e655b5c2f89,39,Female,South Korea
6e06aa84-de7a-49be-97bb-34be340c1266,68,Male,Nigeria
e48fd3e2-f896-49cd-856e-db4b4049ca2e,59,Female,USA
159cba16-39e1-4451-8608-095209abb407,62,Female,Canada
fac5b187-da12-4f55-8293-a026c060ea87,57,Female,UK
42ae6d1b-365f-4c82-a3c5-d5b716f11cfd,46,Male,South Korea
dc3f79ca-3863-47e9-a8e0-694a1215ae0e,43,Female,USA
2fecd52d-fef3-4059-8c67-73586bc815c9,43,Female,Canada
6453002e-1fac-4708-baa0-4ff453cac768,27,Female,USA
40d57b5b-b77f-4b98-8c33-f31dbd9b54a5,42,Female,Nigeria
1c6064c2-3942-4cc0-83ea-7b2f52fffe8c,19,Female,Germany
ffddded7-f952-4499-9e2a-1f08d99f028f,53,Male,Nigeria
71f8dcdc-5ab1-4676-83ad-bb3369a92b27,51,Female,Canada
b89d1b71-af9c-4ea1-826b-e4c33d7458b4,22,Female,UK
189afb4a-cfd5-405b-a528-1ec5ce9c5e91,43,Female,Nigeria
761a23c4-c356-41b4-bee6-f714a4e32e67,36,Female,Nigeria
7bbbae93-483b-44b3-bea8-ed3536f2a3e5,38,Female,USA
6cd82f13-5a56-4ab9-b209-47ad3c30efcf,39,Female,Netherlands
26aeb404-c72a-46ba-bd2d-b1a3f4103a53,45,Male,USA
842a4880-15fb-416d-a344-198cfba16b72,45,Female,Austria
f5c7eb52-21ff-416e-8406-b91826865b0f,53,Male,USA
79e9cd3c-ccbf-4f1d-a3a5-696ff640025a,20,Female,USA
a9951d2b-5ac5-4029-8f6c-461504d404dd,34,Male,UK
